LOC_keywords,文本 2,分类,分类 2,pollution,文本 4,area,文本 5
Arctic,30,无匹配类别,无匹配类别,无匹配标签,无匹配标签,Arctic,
Asia Africa Latin America,96,无匹配类别,无匹配类别,无匹配标签,无匹配标签,Arctic,
The Arctic Sea Ice Hits,99,无匹配类别,无匹配类别,无匹配标签,无匹配标签,Arctic,
Siberian Arctic,129,无匹配类别,无匹配类别,无匹配标签,无匹配标签,Arctic,
New Arctic,131,无匹配类别,无匹配类别,无匹配标签,无匹配标签,Arctic,
North Pole,167,无匹配类别,无匹配类别,无匹配标签,无匹配标签,Arctic,
the Arctic Sea Ice,189,无匹配类别,无匹配类别,无匹配标签,无匹配标签,Arctic,
Arctic Circle,190,无匹配类别,无匹配类别,无匹配标签,无匹配标签,Arctic,
the Canadian Arctic Archipelago,208,北美,发达国家,无匹配标签,Canada,Arctic,
North Americas,220,北美,无匹配类别,无匹配标签,无匹配标签,Arctic,
the North Pole,286,无匹配类别,无匹配类别,无匹配标签,无匹配标签,Arctic,
the Arctic Circle,424,无匹配类别,无匹配类别,无匹配标签,无匹配标签,Arctic,
the North American Arctic,562,北美,无匹配类别,无匹配标签,America,Arctic,
Arctic Report Card: ‘Consistent,563,无匹配类别,无匹配类别,无匹配标签,无匹配标签,Arctic,
Alarming and Undeniable’ Dec,564,无匹配类别,无匹配类别,无匹配标签,无匹配标签,Arctic,
Southeastern Greenland,686,北美,最不发达国家,Most Vulnerable to Climate Change,无匹配标签,Arctic,
Arctic Report Card,772,无匹配类别,无匹配类别,无匹配标签,无匹配标签,Arctic,
Arctic Siberia,854,亚洲,无匹配类别,无匹配标签,无匹配标签,Arctic,
Arctic Refuge,874,无匹配类别,无匹配类别,无匹配标签,无匹配标签,Arctic,
the Arctic Refuge,876,无匹配类别,无匹配类别,无匹配标签,无匹配标签,Arctic,
Norwegian Arctic,877,无匹配类别,发达国家,无匹配标签,Norway,Arctic,
the Svalbard Archipelago,878,欧洲,无匹配类别,无匹配标签,Norway,Arctic,
Living Arctic,879,无匹配类别,无匹配类别,无匹配标签,无匹配标签,Arctic,
the Far North The Bogus Creek Fire,885,无匹配类别,无匹配类别,无匹配标签,无匹配标签,Arctic,
the Central Arctic,928,无匹配类别,无匹配类别,无匹配标签,无匹配标签,Arctic,
Polarstern,948,无匹配类别,无匹配类别,无匹配标签,,Arctic,
Central Arctic,1009,无匹配类别,无匹配类别,无匹配标签,,Arctic,
the Arctic Wildlife Refuge,1024,无匹配类别,无匹配类别,无匹配标签,,Arctic,
Ny-Alesund,1081,北极地区,无匹配类别,无匹配标签,,Arctic,
Yamal Peninsula,1098,无匹配类别,无匹配类别,无匹配标签,,Arctic,
the Northern Sea Route,1099,欧洲,无匹配类别,无匹配标签,,Arctic,
the North Sea Route,1100,欧洲,无匹配类别,无匹配标签,,Arctic,
Northern Sea Route,1101,无匹配类别,无匹配类别,无匹配标签,,Arctic,
Arctic National Wildlife Refuge,1141,北美,无匹配类别,无匹配标签,,Arctic,
the Polar Vortex’s,1146,无匹配类别,无匹配类别,无匹配标签,,Arctic,
the Arctic Report Card,1151,无匹配类别,无匹配类别,无匹配标签,,Arctic,
the Bering Strait,1177,北美,无匹配类别,无匹配标签,,Arctic,
Innaarsuit,1184,无匹配类别,无匹配类别,无匹配标签,,Arctic,
Charted Arctic Sea Ice,1192,无匹配类别,无匹配类别,无匹配标签,,Arctic,
The North Pole,1196,无匹配类别,无匹配类别,无匹配标签,,Arctic,
the “polar vortex,1236,无匹配类别,无匹配类别,无匹配标签,,Arctic,
Arctic Archipelago,1240,无匹配类别,无匹配类别,无匹配标签,,Arctic,
Canadian Arctic,1241,北美,发达国家,无匹配标签,,Arctic,
the Canadian Arctic,1259,北美,发达国家,无匹配标签,,Arctic,
Alaskan Arctic Refuge,1283,北美,无匹配类别,无匹配标签,,Arctic,
Arctic Sea Ice Keeps,1298,无匹配类别,无匹配类别,无匹配标签,,Arctic,
Arctic Drilling Fight,1301,无匹配类别,无匹配类别,无匹配标签,,Arctic,
Asia,8,亚洲,无匹配类别,无匹配标签,无匹配标签,Asia,
Everest,31,南亚,无匹配类别,无匹配标签,无匹配标签,Asia,
Mount Everest,32,南亚,无匹配类别,无匹配标签,无匹配标签,Asia,
South Asia,153,无匹配类别,无匹配类别,无匹配标签,India,Asia,
Asias Himalayas,201,亚洲,无匹配类别,无匹配标签,Asia,Asia,
Telek River,459,无匹配类别,无匹配类别,无匹配标签,无匹配标签,Asia,
Central Asia,555,无匹配类别,无匹配类别,无匹配标签,无匹配标签,Asia,
Trend Asia,587,东亚,无匹配类别,无匹配标签,无匹配标签,Asia,
the Tibetan Plateau,986,东亚,无匹配类别,无匹配标签,,Asia,
the Tibetan plateau,1205,东亚,无匹配类别,无匹配标签,,Asia,
Americas,10,北美,无匹配类别,无匹配标签,无匹配标签,North America,
North America,12,北美,无匹配类别,无匹配标签,无匹配标签,North America,
Gulf Coast,15,北美,无匹配类别,无匹配标签,America,North America,
the Central Valley,22,北美,无匹配类别,无匹配标签,无匹配标签,North America,
Stillwater,24,北美,无匹配类别,无匹配标签,无匹配标签,North America,
Lake Erie,25,北美,无匹配类别,无匹配标签,America,North America,
Entry Island,36,大洋洲,无匹配类别,无匹配标签,无匹配标签,North America,
Grindstone Island,37,无匹配类别,无匹配类别,无匹配标签,无匹配标签,North America,
Yucatn Peninsula,40,北美,发展中国家,无匹配标签,Mexico,North America,
West 57th,41,北美,无匹配类别,无匹配标签,无匹配标签,North America,
Battery Park,42,北美,无匹配类别,无匹配标签,America,North America,
Death Valley,43,北美,无匹配类别,无匹配标签,无匹配标签,North America,
Eastern Europe,48,欧洲,无匹配类别,无匹配标签,无匹配标签,North America,
Antarctica,54,南极洲,无匹配类别,无匹配标签,无匹配标签,North America,
Noor Solar Complexthe,59,北美,无匹配类别,无匹配标签,无匹配标签,North America,
West Coast,60,无匹配类别,无匹配类别,无匹配标签,America,North America,
Midwest,61,北美,发达国家,无匹配标签,无匹配标签,North America,
Michigans Upper Peninsula,62,北美,发达国家,无匹配标签,America,North America,
Latin Americas,64,南美,发展中国家,无匹配标签,无匹配标签,North America,
West Virginias,65,北美,无匹配类别,无匹配标签,无匹配标签,North America,
Mountain Valley Pipeline,66,无匹配类别,无匹配类别,无匹配标签,无匹配标签,North America,
Lake Meads,67,北美,无匹配类别,无匹配标签,无匹配标签,North America,
cache valley,69,无匹配类别,无匹配类别,无匹配标签,无匹配标签,North America,
Colorado River,71,北美,无匹配类别,无匹配标签,America,North America,
Permian Basin,82,北美,无匹配类别,无匹配标签,无匹配标签,North America,
Pershing,87,无匹配类别,无匹配类别,无匹配标签,无匹配标签,North America,
the South Pacific Ocean,88,太平洋,无匹配类别,无匹配标签,无匹配标签,North America,
the Atlantic North America,89,北美,无匹配类别,无匹配标签,无匹配标签,North America,
Chesapeake Bay,90,北美,无匹配类别,无匹配标签,America,North America,North America
Capitol Hill,91,北美,无匹配类别,无匹配标签,无匹配标签,North America,North America
brook creek,92,无匹配类别,无匹配类别,无匹配标签,无匹配标签,North America,North America
Build Back,95,无匹配类别,无匹配类别,无匹配标签,无匹配标签,North America,
Europe Helsinki,97,北美,无匹配类别,无匹配标签,Finland,North America,
the Gulf Coast,98,无匹配类别,无匹配类别,无匹配标签,无匹配标签,North America,
Northern California,100,北美,无匹配类别,无匹配标签,America,North America,
Bristol Bay,101,北美,无匹配类别,无匹配标签,无匹配标签,North America,
Paradise Valley,102,无匹配类别,无匹配类别,无匹配标签,无匹配标签,North America,
Napa Valley,111,北美,无匹配类别,无匹配标签,America,North America,
Long Island,113,北美,无匹配类别,无匹配标签,America,North America,
North Slope,115,北美,无匹配类别,无匹配标签,无匹配标签,North America,
Rio Grande Valley,128,北美,发展中国家,无匹配标签,America,North America,
Illinois Basin,134,北美,无匹配类别,无匹配标签,无匹配标签,North America,
Gulf Shores Alabama,137,北美,无匹配类别,无匹配标签,America,North America,
Capitol Hill District,146,无匹配类别,无匹配类别,无匹配标签,America,North America,
the Gulf of Mexico,147,北美,无匹配类别,无匹配标签,America,North America,
the Mississippi River Basin,148,北美,无匹配类别,无匹配标签,无匹配标签,North America,
the Tittabawassee River,150,北美,无匹配类别,无匹配标签,无匹配标签,North America,
Mississippi River,156,北美,无匹配类别,无匹配标签,America,North America,
Southern California,174,北美,无匹配类别,无匹配标签,America,North America,
East Coast ContenderWhile,175,无匹配类别,无匹配类别,无匹配标签,无匹配标签,North America,
the East Coast,176,无匹配类别,无匹配类别,无匹配标签,无匹配标签,North America,
the Cuyahoga River,178,北美,无匹配类别,无匹配标签,无匹配标签,North America,
Lake Michigan,186,北美,无匹配类别,无匹配标签,America,North America,
Californias Central Valley,188,北美,无匹配类别,无匹配标签,America,North America,
North Americathe,193,北美,无匹配类别,无匹配标签,无匹配标签,North America,
Flint River,200,北美,无匹配类别,无匹配标签,无匹配标签,North America,
Antiquities Acta,202,北美,无匹配类别,无匹配标签,无匹配标签,North America,
Silicon Valley,203,北美,无匹配类别,无匹配标签,America,North America,
international accordsCalifornia,204,北美,无匹配类别,无匹配标签,无匹配标签,North America,
the Oroville Dam,210,北美,无匹配类别,无匹配标签,无匹配标签,North America,
North America Heatwaves,213,北美,无匹配类别,无匹配标签,无匹配标签,North America,
the West Coast,214,北美,无匹配类别,无匹配标签,无匹配标签,North America,
San Franciscothe Bay Area ,218,北美,无匹配类别,无匹配标签,America,North America,
Americas Midwest,221,北美,无匹配类别,无匹配标签,无匹配标签,North America,
East Coast America,222,北美,发达国家,无匹配标签,America,North America,
West Texas,223,北美,无匹配类别,无匹配标签,无匹配标签,North America,
The West Coast,224,无匹配类别,无匹配类别,无匹配标签,无匹配标签,North America,
Pacific Northwest city,225,太平洋,无匹配类别,无匹配标签,无匹配标签,North America,
San Francisco Bay Areas,226,北美,无匹配类别,无匹配标签,America,North America,
canyon valley,227,无匹配类别,无匹配类别,无匹配标签,无匹配标签,North America,
Northeast,231,无匹配类别,无匹配类别,无匹配标签,无匹配标签,North America,
delta bay,234,无匹配类别,无匹配类别,无匹配标签,无匹配标签,North America,
upland hill,235,无匹配类别,无匹配类别,无匹配标签,无匹配标签,North America,
North Americas Gulf Coast,236,北美,无匹配类别,无匹配标签,无匹配标签,North America,
North Atlantic,238,大西洋,无匹配类别,无匹配标签,无匹配标签,North America,
Mississippi,239,北美,无匹配类别,无匹配标签,America,North America,
Delta,240,无匹配类别,无匹配类别,无匹配标签,无匹配标签,North America,
The North Atlantic,241,大西洋,无匹配类别,无匹配标签,无匹配标签,North America,
LOC_keywords,242,无匹配类别,无匹配类别,无匹配标签,无匹配标签,North America,
the Suez Canal,244,中东,发展中国家,无匹配标签,Egypt,North America,
the Pacific Coast,245,太平洋,无匹配类别,无匹配标签,无匹配标签,North America,
North America’s,246,北美,无匹配类别,无匹配标签,无匹配标签,North America,
the Northwest Territories,247,北美,无匹配类别,无匹配标签,Canada,North America,
Category 5 Atlantic,255,大西洋,无匹配类别,无匹配标签,无匹配标签,North America,
Southeast,256,东南亚,无匹配类别,无匹配标签,无匹配标签,North America,
East Coast,257,无匹配类别,无匹配类别,无匹配标签,无匹配标签,North America,
Feather River Canyon,260,北美,无匹配类别,无匹配标签,无匹配标签,North America,
the Salinas Valley,263,无匹配类别,无匹配类别,无匹配标签,无匹配标签,North America,
Hudson,264,北美,无匹配类别,无匹配标签,无匹配标签,North America,
Ellis Islands,265,北美洲,无匹配类别,无匹配标签,America,North America,
the Gowanus Creek,266,无匹配类别,无匹配类别,无匹配标签,无匹配标签,North America,
New York Harbor,267,北美,发达国家,无匹配标签,America,North America,
Minnesota,270,北美,发达国家,无匹配标签,America,North America,
Key Largo,275,无匹配类别,无匹配类别,无匹配标签,无匹配标签,North America,
Key West,276,北美,无匹配类别,无匹配标签,America,North America,
the White River,280,无匹配类别,无匹配类别,无匹配标签,无匹配标签,North America,
the Winooski River,281,无匹配类别,无匹配类别,无匹配标签,无匹配标签,North America,
Lake Champlain,282,北美,无匹配类别,无匹配标签,America,North America,
East Palestine,287,北美,无匹配类别,无匹配标签,无匹配标签,North America,
Western Canada,289,北美,发达国家,Top CO2 Emitters,Canada,North America,
the Boise River,290,北美,无匹配类别,无匹配标签,无匹配标签,North America,
Watts,291,无匹配类别,无匹配类别,无匹配标签,无匹配标签,North America,
the Hudson River,294,北美,无匹配类别,无匹配标签,America,North America,
the Mojave Desert,295,北美,无匹配类别,无匹配标签,America,North America,
Harlem,296,北美,无匹配类别,无匹配标签,America,North America,
Central Brooklyn,297,无匹配类别,无匹配类别,无匹配标签,无匹配标签,North America,
The Permian Basin,298,北美,无匹配类别,无匹配标签,无匹配标签,North America,
Central Park,299,北美,无匹配类别,无匹配标签,无匹配标签,North America,
Utica Shale,300,北美,无匹配类别,无匹配标签,无匹配标签,North America,
Red River Valley Fair,301,无匹配类别,无匹配类别,无匹配标签,无匹配标签,North America,
the Red River Valley Fair,302,无匹配类别,无匹配类别,无匹配标签,无匹配标签,North America,
South Florida,303,北美,无匹配类别,无匹配标签,America,North America,
the Lost River,304,无匹配类别,无匹配类别,无匹配标签,无匹配标签,North America,
the Catskill Mountains,305,北美,无匹配类别,无匹配标签,无匹配标签,North America,
Death Valley National Park,307,北美,无匹配类别,无匹配标签,America,North America,
the Financial District,309,无匹配类别,无匹配类别,无匹配标签,无匹配标签,North America,
Silicon Valley’s,310,无匹配类别,无匹配类别,无匹配标签,无匹配标签,North America,
the Mississippi River,312,北美,无匹配类别,无匹配标签,America,North America,
the Viking Mississippi,313,北美,无匹配类别,无匹配标签,无匹配标签,North America,
The Mississippi River,314,北美,无匹配类别,无匹配标签,America,North America,
Central California,318,北美,发展中国家,无匹配标签,America,North America,
Mount Baldy,319,无匹配类别,无匹配类别,无匹配标签,无匹配标签,North America,
South Texas,323,北美,发展中国家,无匹配标签,America,North America,
the Gulf and Atlantic Coasts,324,无匹配类别,无匹配类别,无匹配标签,无匹配标签,North America,
North Fork Mono,326,北美,无匹配类别,无匹配标签,无匹配标签,North America,
Tule River Tribe,327,无匹配类别,无匹配类别,无匹配标签,无匹配标签,North America,
East Texas,328,北美,无匹配类别,无匹配标签,America,North America,
Cold Lake,333,北美,无匹配类别,无匹配标签,无匹配标签,North America,
the Yucatán Peninsula,334,中美洲,发展中国家,无匹配标签,Mexico,North America,
the San Francisco Bay Area,335,北美,无匹配类别,无匹配标签,America,North America,
Central Valley,336,无匹配类别,无匹配类别,无匹配标签,无匹配标签,North America,
the Bay Area,337,北美,无匹配类别,无匹配标签,America,North America,
the Coast Mountains,343,北美,无匹配类别,无匹配标签,无匹配标签,North America,
the Western District of Louisiana,345,北美,无匹配类别,无匹配标签,America,North America,
Lamar Valley,346,北美,无匹配类别,无匹配标签,无匹配标签,North America,
Mountain Valley,347,无匹配类别,无匹配类别,无匹配标签,无匹配标签,North America,
Giga America,354,北美,无匹配类别,无匹配标签,无匹配标签,North America,
Pueblo,355,无匹配类别,无匹配类别,无匹配标签,无匹配标签,North America,
the Upper Midwest,356,北美,无匹配类别,无匹配标签,无匹配标签,North America,
the Rapidan Dam,357,无匹配类别,无匹配类别,无匹配标签,无匹配标签,North America,
the Missouri River,358,北美,无匹配类别,无匹配标签,无匹配标签,North America,
the Blue Earth River,359,无匹配类别,无匹配类别,无匹配标签,无匹配标签,North America,
Western Washington,362,北美,无匹配类别,无匹配标签,America,North America,
Little Island,365,无匹配类别,无匹配类别,无匹配标签,无匹配标签,North America,
Long Island’s,366,北美,无匹配类别,无匹配标签,无匹配标签,North America,
Great South Bay,367,北美,无匹配类别,无匹配标签,无匹配标签,North America,
Gardiners Island,368,北美洲,无匹配类别,无匹配标签,无匹配标签,North America,
the East End of Long Island,369,北美,无匹配类别,无匹配标签,America,North America,
Hudson Bay,371,北美,无匹配类别,无匹配标签,无匹配标签,North America,
Upper Midwest,372,北美,无匹配类别,无匹配标签,无匹配标签,North America,
the Ohio River,373,北美,无匹配类别,无匹配标签,无匹配标签,North America,
the Mid-Atlantic,377,大西洋,无匹配类别,无匹配标签,无匹配标签,North America,
the Gulf of California,379,北美,无匹配类别,无匹配标签,无匹配标签,North America,
the Hudson Bay,380,北美,无匹配类别,无匹配标签,Canada,North America,
Western Hudson Bay,381,北美,无匹配类别,无匹配标签,无匹配标签,North America,
West 47th,382,无匹配类别,无匹配类别,无匹配标签,无匹配标签,North America,
Midtown Manhattan,383,北美,发达国家,无匹配标签,America,North America,
Staten Island,384,北美,无匹配类别,无匹配标签,America,North America,
the Upper Gulf,385,无匹配类别,无匹配类别,无匹配标签,无匹配标签,North America,
the Applegate Valley,387,北美,无匹配类别,无匹配标签,无匹配标签,North America,
Southern Oregon,388,北美,无匹配类别,无匹配标签,America,North America,
Applegate Valley,389,无匹配类别,无匹配类别,无匹配标签,无匹配标签,North America,
the Callahan Mountains,390,无匹配类别,无匹配类别,无匹配标签,无匹配标签,North America,
Maya Train,391,无匹配类别,无匹配类别,无匹配标签,无匹配标签,North America,
the South Platte River,404,北美,无匹配类别,无匹配标签,无匹配标签,North America,
Grand Isle,405,北美,无匹配类别,Most Vulnerable to Climate Change,无匹配标签,North America,
the Beaver Lake Cree Nation,406,北美,无匹配类别,无匹配标签,无匹配标签,North America,
Lake Louise,407,北美,无匹配类别,无匹配标签,无匹配标签,North America,
the Olympic Village,409,无匹配类别,无匹配类别,无匹配标签,无匹配标签,North America,
the South Bronx,410,北美,无匹配类别,无匹配标签,无匹配标签,North America,
The South Bronx,411,北美,发展中国家,无匹配标签,America,North America,
West 43rd Street,412,无匹配类别,无匹配类别,无匹配标签,无匹配标签,North America,
Howe Island,413,大洋洲,无匹配类别,无匹配标签,无匹配标签,North America,
the Gulf of St,415,北美洲,无匹配类别,无匹配标签,无匹配标签,North America,
Amherst Island,416,北美,无匹配类别,无匹配标签,无匹配标签,North America,
Sparks,418,无匹配类别,无匹配类别,无匹配标签,无匹配标签,North America,
Cuyahoga Valley,420,北美,无匹配类别,无匹配标签,无匹配标签,North America,
the Bay Area Air Quality Management District,421,无匹配类别,无匹配类别,无匹配标签,无匹配标签,North America,
San Francisco Bay,422,北美,无匹配类别,无匹配标签,America,North America,
Chimp Haven,423,无匹配类别,无匹配类别,无匹配标签,无匹配标签,North America,
Northern Rockies,425,北美,无匹配类别,无匹配标签,无匹配标签,North America,
Beaver Lake Cree Nation,426,北美,无匹配类别,无匹配标签,无匹配标签,North America,
Lake Texcoco,427,无匹配类别,无匹配类别,无匹配标签,Mexico,North America,
Huatulco,428,北美,发展中国家,无匹配标签,无匹配标签,North America,
the Florida Keys,429,北美,无匹配类别,无匹配标签,America,North America,
Antelope Island,430,北美,无匹配类别,无匹配标签,无匹配标签,North America,
South Bronx Unite,434,无匹配类别,无匹配类别,无匹配标签,无匹配标签,North America,
South Bronx,435,北美,无匹配类别,无匹配标签,无匹配标签,North America,
the Rockaway Peninsula,437,北美,无匹配类别,无匹配标签,无匹配标签,North America,
East Williamsburg,438,无匹配类别,无匹配类别,无匹配标签,无匹配标签,North America,
the Wild West,440,北美,无匹配类别,无匹配标签,无匹配标签,North America,
the Mountain Valley Pipeline,441,无匹配类别,无匹配类别,无匹配标签,无匹配标签,North America,
Devils Hole,442,无匹配类别,无匹配类别,无匹配标签,无匹配标签,North America,
Amargosa River,443,北美,无匹配类别,无匹配标签,无匹配标签,North America,
the East Bay Municipal Utility District,444,无匹配类别,无匹配类别,无匹配标签,无匹配标签,North America,
Tampa Bay,446,北美,无匹配类别,无匹配标签,无匹配标签,North America,
Biscayne Bay,447,北美,无匹配类别,无匹配标签,America,North America,
the Old West,450,北美,无匹配类别,无匹配标签,无匹配标签,North America,
the Gulf of Mexico’s,454,北美,无匹配类别,无匹配标签,无匹配标签,North America,
Napa,455,北美,无匹配类别,无匹配标签,无匹配标签,North America,
Spirit Mountain,456,无匹配类别,无匹配类别,无匹配标签,无匹配标签,North America,
Porcupine Mountain,457,北美,无匹配类别,无匹配标签,无匹配标签,North America,
Maya,461,无匹配类别,无匹配类别,无匹配标签,无匹配标签,North America,
the Pine Valley Mountains,463,无匹配类别,无匹配类别,无匹配标签,无匹配标签,North America,
the Grand Staircase,464,无匹配类别,无匹配类别,无匹配标签,无匹配标签,North America,
the Colorado Plateau,466,北美,无匹配类别,无匹配标签,America,North America,
the Panama Canal,467,中美洲,发展中国家,无匹配标签,Panama,North America,
Cuyahoga River,473,无匹配类别,无匹配类别,无匹配标签,无匹配标签,North America,
Lake Pontchartrain,479,北美,无匹配类别,无匹配标签,America,North America,
Salt Lake Valley,481,北美,无匹配类别,无匹配标签,America,North America,
the North Slope,482,北美,无匹配类别,无匹配标签,无匹配标签,North America,
Wapiti Lake,483,无匹配类别,无匹配类别,无匹配标签,无匹配标签,North America,
the Lamar Valley,484,北美,无匹配类别,无匹配标签,无匹配标签,North America,
the Lamar River,485,无匹配类别,无匹配类别,无匹配标签,无匹配标签,North America,
the Salton Sea,486,无匹配类别,无匹配类别,无匹配标签,无匹配标签,North America,
the San Andreas Fault,488,北美,无匹配类别,无匹配标签,America,North America,
the San Andreas,489,北美,无匹配类别,无匹配标签,America,North America,
San Andreas,490,无匹配类别,无匹配类别,无匹配标签,无匹配标签,North America,
San Andreas Fault,491,无匹配类别,无匹配类别,无匹配标签,无匹配标签,North America,
Imperial Valley,492,北美,无匹配类别,无匹配标签,无匹配标签,North America,
Salton Sea,493,北美,无匹配类别,无匹配标签,America,North America,
the Imperial Valley,494,北美洲,无匹配类别,无匹配标签,无匹配标签,North America,
the Colorado River,495,北美,无匹配类别,无匹配标签,无匹配标签,North America,
the Sea of Cortez,496,无匹配类别,无匹配类别,无匹配标签,无匹配标签,North America,
New River,497,无匹配类别,无匹配类别,无匹配标签,无匹配标签,North America,
the New River,498,无匹配类别,无匹配类别,无匹配标签,无匹配标签,North America,
the North Woods,499,北美,无匹配类别,无匹配标签,无匹配标签,North America,
Mid-Atlantic,500,大西洋,无匹配类别,无匹配标签,无匹配标签,North America,
the Russian River,501,无匹配类别,无匹配类别,无匹配标签,Russia,North America,
The Central Valley,502,无匹配类别,无匹配类别,无匹配标签,America,North America,
the Cosumnes River,503,北美,无匹配类别,无匹配标签,无匹配标签,North America,
the Brazos River,504,南美,发展中国家,无匹配标签,America,North America,
Long Island Rail Road,505,北美,无匹配类别,无匹配标签,无匹配标签,North America,
the Teshekpuk Lake Special Area,511,北美,无匹配类别,无匹配标签,无匹配标签,North America,
the Bristol Bay,512,北美,无匹配类别,无匹配标签,无匹配标签,North America,
The Colorado River,513,北美,无匹配类别,无匹配标签,America,North America,
Iliamna Lake,514,北美,无匹配类别,无匹配标签,无匹配标签,North America,
Lake Powell,515,北美洲,无匹配类别,无匹配标签,无匹配标签,North America,
Lake Mead,516,北美,无匹配类别,无匹配标签,无匹配标签,North America,
the Colorado River Basin,517,北美,无匹配类别,无匹配标签,无匹配标签,North America,
the Colorado River Water Conservation District,518,北美,无匹配类别,无匹配标签,无匹配标签,North America,
the Glen Canyon Dam,519,无匹配类别,无匹配类别,无匹配标签,无匹配标签,North America,
The Colorado River’s,520,北美,无匹配类别,无匹配标签,无匹配标签,North America,
the Hoover Dam,521,北美,无匹配类别,无匹配标签,America,North America,
Lower Basin,522,无匹配类别,无匹配类别,无匹配标签,无匹配标签,North America,
the Gila River Indian Community,523,北美,无匹配类别,无匹配标签,无匹配标签,North America,
Southeast Alaska,525,北美,无匹配类别,无匹配标签,无匹配标签,North America,
the Southeast Conference,526,东南亚,无匹配类别,无匹配标签,无匹配标签,North America,
The West Coast’s,529,无匹配类别,无匹配类别,无匹配标签,无匹配标签,North America,
the Aleutian Islands,530,北美,无匹配类别,无匹配标签,无匹配标签,North America,
the Bull Mountains,532,无匹配类别,无匹配类别,无匹配标签,无匹配标签,North America,
Southern California’s,535,北美,无匹配类别,无匹配标签,无匹配标签,North America,
The South Yuba River,536,无匹配类别,无匹配类别,无匹配标签,无匹配标签,North America,
Laurel Canyon,539,无匹配类别,无匹配类别,无匹配标签,无匹配标签,North America,
the Sacramento River,541,北美,无匹配类别,无匹配标签,无匹配标签,North America,
West Sacramento,542,北美,无匹配类别,无匹配标签,无匹配标签,North America,
the Mashpee River,544,无匹配类别,无匹配类别,无匹配标签,无匹配标签,North America,
Waquoit Bay,548,北美,无匹配类别,无匹配标签,无匹配标签,North America,
Popponesset Bay,549,北美洲,无匹配类别,无匹配标签,无匹配标签,North America,
the Great Plains,550,北美,无匹配类别,无匹配标签,无匹配标签,North America,
the Western United States,553,北美,发达国家,Top CO2 Emitters,America,North America,
Crawford Lake,559,无匹配类别,无匹配类别,无匹配标签,无匹配标签,North America,
Cedar Lane Park,561,无匹配类别,无匹配类别,无匹配标签,无匹配标签,North America,
Lone Star,570,无匹配类别,无匹配类别,无匹配标签,无匹配标签,North America,
the Kuskokwim River,571,北美,无匹配类别,无匹配标签,无匹配标签,North America,
Isle de Jean Charles,573,北美,最不发达国家,Most Vulnerable to Climate Change,无匹配标签,North America,
Olympic Peninsula,574,北美,无匹配类别,无匹配标签,无匹配标签,North America,
Carolina,578,北美,无匹配类别,无匹配标签,无匹配标签,North America,
the Broadback River,582,无匹配类别,无匹配类别,无匹配标签,无匹配标签,North America,
the Broadback Valley,583,无匹配类别,无匹配类别,无匹配标签,无匹配标签,North America,
the Broadback River Valley,584,无匹配类别,无匹配类别,无匹配标签,无匹配标签,North America,
Chapel Hill,591,北美,无匹配类别,无匹配标签,America,North America,
Southwest Alaska,594,北美,发展中国家,无匹配标签,America,North America,
the Puget Sound,597,北美,无匹配类别,无匹配标签,America,North America,
the Strait of Juan de Fuca,598,北美,无匹配类别,无匹配标签,无匹配标签,North America,
the Shoalwater Bay Indian Reservation,603,北美,无匹配类别,无匹配标签,无匹配标签,North America,
Sequim Bay,604,北美,无匹配类别,无匹配标签,无匹配标签,North America,
the Shoalwater Bay Tribe,605,无匹配类别,无匹配类别,无匹配标签,无匹配标签,North America,
Shoalwater Bay,606,大洋洲,无匹配类别,无匹配标签,无匹配标签,North America,
Neah Bay,607,北美,无匹配类别,无匹配标签,无匹配标签,North America,
Hampton Roads,611,北美,无匹配类别,无匹配标签,无匹配标签,North America,
Potomac,612,北美,无匹配类别,无匹配标签,无匹配标签,North America,
the Chesapeake Bay,613,北美,无匹配类别,无匹配标签,America,North America,
Upper Peninsula,615,北美,无匹配类别,无匹配标签,无匹配标签,North America,
Lake Superior and Lake Michigan,616,北美,无匹配类别,无匹配标签,America,North America,
the Mississippi Valley,617,北美,无匹配类别,无匹配标签,America,North America,
Lake Superior,618,北美,无匹配类别,无匹配标签,无匹配标签,North America,
the Upper Peninsula,619,北美,无匹配类别,无匹配标签,无匹配标签,North America,
eastern Lake Superior,620,北美,无匹配类别,无匹配标签,无匹配标签,North America,
Sanibel Island,625,北美,无匹配类别,无匹配标签,无匹配标签,North America,
the Annapolis Valley,627,北美,无匹配类别,无匹配标签,Canada,North America,
Indian River Lagoon,628,无匹配类别,发展中国家,无匹配标签,无匹配标签,North America,
the Waccamaw River,629,无匹配类别,无匹配类别,无匹配标签,无匹配标签,North America,
the Bone Valley,630,无匹配类别,无匹配类别,无匹配标签,无匹配标签,North America,
Allegheny Mountains,632,北美,无匹配类别,无匹配标签,无匹配标签,North America,
Yosemite Valley,635,北美,无匹配类别,无匹配标签,America,North America,
Terrebonne Bay,636,北美,无匹配类别,无匹配标签,无匹配标签,North America,
Sierras,637,无匹配类别,无匹配类别,无匹配标签,无匹配标签,North America,
Yakima River,639,北美,无匹配类别,无匹配标签,无匹配标签,North America,
Central Washington,640,北美,无匹配类别,无匹配标签,无匹配标签,North America,
Colorado Basin,641,北美,无匹配类别,无匹配标签,无匹配标签,North America,
the Yakima Basin,642,北美,无匹配类别,无匹配标签,无匹配标签,North America,
the Yakima River,643,北美,无匹配类别,无匹配标签,无匹配标签,North America,
The Yakima Basin,644,北美,无匹配类别,无匹配标签,无匹配标签,North America,
the Yakima Basin Integrated Plan,645,北美,无匹配类别,无匹配标签,无匹配标签,North America,
The Yakima River,646,北美,无匹配类别,无匹配标签,无匹配标签,North America,
the Kittitas Reclamation District,647,无匹配类别,无匹配类别,无匹配标签,无匹配标签,North America,
Diablo Canyon,649,无匹配类别,无匹配类别,无匹配标签,无匹配标签,North America,
the Houston Ship Channel,654,北美,无匹配类别,无匹配标签,America,North America,
the Appalachian Mountains,657,北美,无匹配类别,无匹配标签,无匹配标签,North America,
Great Basin,660,北美,无匹配类别,无匹配标签,无匹配标签,North America,
the Cook Inlet,661,大洋洲,无匹配类别,无匹配标签,America,North America,
Yosemite National Park,662,北美,无匹配类别,无匹配标签,America,North America,
Cook Inlet,663,北美,无匹配类别,无匹配标签,无匹配标签,North America,
Northeast Entrance Road,665,无匹配类别,无匹配类别,无匹配标签,无匹配标签,North America,
Northern Plains,666,无匹配类别,无匹配类别,无匹配标签,无匹配标签,North America,
Lake Charles,667,北美,无匹配类别,无匹配标签,无匹配标签,North America,
the Rocky Mountains,668,北美,无匹配类别,无匹配标签,America,North America,
Colorado River Reservoirs Run Critically,669,北美,无匹配类别,无匹配标签,无匹配标签,North America,
the Grand Canyon,670,北美,无匹配类别,无匹配标签,America,North America,
River Park,671,无匹配类别,无匹配类别,无匹配标签,无匹配标签,North America,
Mount Tom,673,无匹配类别,无匹配类别,无匹配标签,无匹配标签,North America,
Mount Tom Station,674,无匹配类别,无匹配类别,无匹配标签,无匹配标签,North America,
Teshekpuk Lake,675,北美,无匹配类别,无匹配标签,无匹配标签,North America,
eastern North America,681,北美,无匹配类别,无匹配标签,America,North America,
the Indian River Lagoon,684,无匹配类别,发展中国家,无匹配标签,India,North America,
Aliso Canyon,687,无匹配类别,无匹配类别,无匹配标签,无匹配标签,North America,
Mile Island,688,无匹配类别,无匹配类别,无匹配标签,无匹配标签,North America,
the Hudson Canyon,689,北美,无匹配类别,无匹配标签,America,North America,
The Hudson Canyon,690,北美,无匹配类别,无匹配标签,America,North America,
Hudson Canyon,691,北美,无匹配类别,无匹配标签,无匹配标签,North America,
Bear River,692,无匹配类别,无匹配类别,无匹配标签,无匹配标签,North America,
the Owens River,693,无匹配类别,无匹配类别,无匹配标签,无匹配标签,North America,
Owens Lake,694,无匹配类别,无匹配类别,无匹配标签,无匹配标签,North America,
the Santa Monica Mountains,696,北美,无匹配类别,无匹配标签,无匹配标签,North America,
the Metropolitan Water District of Southern California,697,北美,发展中国家,无匹配标签,America,North America,
Cold Bay,698,北美洲,无匹配类别,无匹配标签,无匹配标签,North America,
East Harlem,702,北美,无匹配类别,无匹配标签,America,North America,
Prospect Park,703,无匹配类别,无匹配类别,无匹配标签,无匹配标签,North America,
the Kennebec River,707,北美,发展中国家,无匹配标签,无匹配标签,North America,
the Calf Canyon,708,无匹配类别,无匹配类别,无匹配标签,无匹配标签,North America,
Hermits Peak,709,无匹配类别,无匹配类别,无匹配标签,无匹配标签,North America,
Southern Nevada,711,北美,发展中国家,无匹配标签,America,North America,
Echo Bay,713,无匹配类别,无匹配类别,无匹配标签,无匹配标签,North America,
Pacific Northwest,714,太平洋,无匹配类别,无匹配标签,无匹配标签,North America,
the Homosassa River,715,无匹配类别,无匹配类别,无匹配标签,无匹配标签,North America,
Owens Valley,716,北美,无匹配类别,无匹配标签,无匹配标签,North America,
the Sacramento Valley,718,北美,无匹配类别,无匹配标签,无匹配标签,North America,
Grant Town,729,无匹配类别,无匹配类别,无匹配标签,无匹配标签,North America,
Gulf of Mexico,734,北美,无匹配类别,无匹配标签,America,North America,
the Southern Plains,736,北美,无匹配类别,无匹配标签,无匹配标签,North America,
the Red River,737,东南亚,无匹配类别,无匹配标签,无匹配标签,North America,
the Ohio Valley,749,北美,无匹配类别,无匹配标签,无匹配标签,North America,
Northern Rocky Mountains,753,北美,无匹配类别,无匹配标签,无匹配标签,North America,
Cajun Coast,756,北美,无匹配类别,无匹配标签,无匹配标签,North America,
the Mid-Atlantic States,762,无匹配类别,无匹配类别,无匹配标签,无匹配标签,North America,
Copper Mountain,763,无匹配类别,无匹配类别,无匹配标签,无匹配标签,North America,
Mid-Atlantic States,764,无匹配类别,无匹配类别,无匹配标签,无匹配标签,North America,
Eastern Kentucky,765,北美,无匹配类别,无匹配标签,America,North America,
the Klamath Basin,766,北美,无匹配类别,无匹配标签,无匹配标签,North America,
the Cheat River,770,无匹配类别,无匹配类别,无匹配标签,无匹配标签,North America,
Granite Bay,771,无匹配类别,无匹配类别,无匹配标签,无匹配标签,North America,
the North Shore of Long Island,773,北美,无匹配类别,无匹配标签,America,North America,
Lower Manhattan,774,北美,无匹配类别,无匹配标签,America,North America,
Wading River,777,无匹配类别,无匹配类别,无匹配标签,无匹配标签,North America,
Long Island’s North Shore,778,北美,无匹配类别,无匹配标签,America,North America,
Deep South,780,无匹配类别,无匹配类别,无匹配标签,无匹配标签,North America,
Dauphin Island,781,北美,无匹配类别,无匹配标签,无匹配标签,North America,
Potomac River,782,北美,无匹配类别,无匹配标签,America,North America,
the Gulf of California on Oct,785,北美,无匹配类别,无匹配标签,无匹配标签,North America,
North Pennsylvania Avenue,787,北美,无匹配类别,无匹配标签,America,North America,
the Eastern Gulf,788,中东,无匹配类别,无匹配标签,无匹配标签,North America,
Eastern Gulf,789,中东,无匹配类别,无匹配标签,无匹配标签,North America,
the Laguna Pueblo,790,北美,发展中国家,无匹配标签,无匹配标签,North America,
Farms Lake,801,无匹配类别,无匹配类别,无匹配标签,无匹配标签,North America,
Northeast Arizona,802,北美,无匹配类别,无匹配标签,America,North America,
the Northern Plains,803,无匹配类别,无匹配类别,无匹配标签,无匹配标签,North America,
Central and Southern California,804,北美,发展中国家,无匹配标签,America,North America,
the Cape Fear River,808,北美,无匹配类别,无匹配标签,无匹配标签,North America,
Central and Northern California,809,北美,发展中国家,无匹配标签,America,North America,
West Virginia,817,北美,无匹配类别,无匹配标签,America,North America,
Central Minnesota,819,北美,无匹配类别,无匹配标签,America,North America,
Eastern Colorado,820,北美,发展中国家,无匹配标签,America,North America,
Northern New England,821,北美,无匹配类别,无匹配标签,America,North America,
Lake Tahoe,822,北美,无匹配类别,无匹配标签,无匹配标签,North America,
the Erie Canal,823,北美,无匹配类别,无匹配标签,America,North America,
South Lake Tahoe,826,北美,无匹配类别,无匹配标签,America,North America,
the Neuse River,827,北美,无匹配类别,无匹配标签,无匹配标签,North America,
the Lumber River,829,无匹配类别,无匹配类别,无匹配标签,无匹配标签,North America,
Fair Bluff,830,无匹配类别,无匹配类别,无匹配标签,无匹配标签,North America,
Tar River,831,北美,无匹配类别,无匹配标签,无匹配标签,North America,
Plaquemine,832,北美,无匹配类别,无匹配标签,无匹配标签,North America,
Lake Oroville,837,北美,无匹配类别,无匹配标签,无匹配标签,North America,
Carmel Valley,838,无匹配类别,无匹配类别,无匹配标签,无匹配标签,North America,
Spring Mountain,844,无匹配类别,无匹配类别,无匹配标签,无匹配标签,North America,
the Northwestern United States,845,北美,发达国家,Top CO2 Emitters,美国,North America,
Hensley Lake,846,北美,无匹配类别,无匹配标签,无匹配标签,North America,
Des Plaines River,848,北美,无匹配类别,无匹配标签,无匹配标签,North America,
West Vancouver,849,北美,发达国家,无匹配标签,Canada,North America,
the Snake River,850,北美,无匹配类别,无匹配标签,无匹配标签,North America,
the Klamath River,851,北美,无匹配类别,无匹配标签,无匹配标签,North America,
Northern Canada,852,北美,发达国家,Most Vulnerable to Climate Change,Canada,North America,
Sacramento River,857,北美,无匹配类别,无匹配标签,无匹配标签,North America,
Ozarks,858,无匹配类别,无匹配类别,无匹配标签,无匹配标签,North America,
the South Fork,859,无匹配类别,无匹配类别,无匹配标签,无匹配标签,North America,
Northern Water,860,无匹配类别,无匹配类别,无匹配标签,无匹配标签,North America,
Grand Lake,861,北美,无匹配类别,无匹配标签,无匹配标签,North America,
Poudre River,862,北美,无匹配类别,无匹配标签,无匹配标签,North America,
the Tehachapi Mountains,864,北美,无匹配类别,无匹配标签,无匹配标签,North America,
Southeastern Alaska,865,北美,无匹配类别,无匹配标签,America,North America,
the Upper East Side,866,无匹配类别,无匹配类别,无匹配标签,America,North America,
Pueblo de Palmas,867,无匹配类别,无匹配类别,无匹配标签,无匹配标签,North America,
Southwest Louisiana,868,北美,无匹配类别,无匹配标签,无匹配标签,North America,
Northern Minnesota,869,北美,无匹配类别,无匹配标签,America,North America,
the Mississippi River’s,870,北美,无匹配类别,无匹配标签,无匹配标签,North America,
the Intermountain West,871,北美,无匹配类别,无匹配标签,无匹配标签,North America,
Central Valley Project,872,无匹配类别,无匹配类别,无匹配标签,无匹配标签,North America,
the Coastal Plain,873,无匹配类别,无匹配类别,无匹配标签,无匹配标签,North America,
Prudhoe Bay,875,北美,无匹配类别,无匹配标签,无匹配标签,North America,
Morro Bay,880,北美,无匹配类别,无匹配标签,无匹配标签,North America,
the Morro Bay,881,北美,无匹配类别,无匹配标签,无匹配标签,North America,
Pacific Palisades,882,太平洋,无匹配类别,无匹配标签,无匹配标签,North America,
the Great Basin,884,北美,无匹配类别,无匹配标签,无匹配标签,North America,
Northwest Territories,886,北美,无匹配类别,无匹配标签,无匹配标签,North America,
the East Coast’s,887,无匹配类别,无匹配类别,无匹配标签,无匹配标签,North America,
Glacier National Park,888,北美,无匹配类别,无匹配标签,America,North America,
the Atlantic Coast,889,大西洋,无匹配类别,无匹配标签,无匹配标签,North America,
Atlantic Coast,890,大西洋,无匹配类别,无匹配标签,无匹配标签,North America,
the Lehigh Valley,891,北美,无匹配类别,无匹配标签,无匹配标签,North America,
Inland Empire,892,无匹配类别,无匹配类别,无匹配标签,无匹配标签,North America,
Mount St,897,无匹配类别,无匹配类别,无匹配标签,无匹配标签,North America,
the Atlantic Coastal Plain,898,大西洋,无匹配类别,无匹配标签,无匹配标签,North America,
the Pacific coast,902,太平洋,无匹配类别,无匹配标签,无匹配标签,North America,
Hatteras Island,904,北美,无匹配类别,无匹配标签,无匹配标签,North America,
Barataria Bay,907,北美,无匹配类别,无匹配标签,无匹配标签,North America,
the Mississippi Delta,908,北美,无匹配类别,无匹配标签,America,North America,
the Barataria Basin,909,无匹配类别,无匹配类别,无匹配标签,无匹配标签,North America,
the Red Desert,910,大洋洲,无匹配类别,无匹配标签,无匹配标签,North America,
Catalyst Miami,912,无匹配类别,无匹配类别,无匹配标签,无匹配标签,North America,
DC Water,913,无匹配类别,无匹配类别,无匹配标签,无匹配标签,North America,
Central Michigan,914,北美,无匹配类别,无匹配标签,无匹配标签,North America,
Escambia Bay,915,无匹配类别,无匹配类别,无匹配标签,无匹配标签,North America,
Boothbay Harbor,916,无匹配类别,无匹配类别,无匹配标签,无匹配标签,North America,
West Side,918,无匹配类别,无匹配类别,无匹配标签,无匹配标签,North America,
the West Side,919,无匹配类别,无匹配类别,无匹配标签,无匹配标签,North America,
the Atlantic Coast Pipeline,923,大西洋,无匹配类别,无匹配标签,无匹配标签,North America,
Snake River,924,北美,无匹配类别,无匹配标签,无匹配标签,North America,
Big Basin,925,无匹配类别,无匹配类别,无匹配标签,无匹配标签,North America,
Taos Pueblo,926,北美,发展中国家,无匹配标签,无匹配标签,North America,
the Taos Pueblo,929,北美,无匹配类别,无匹配标签,无匹配标签,North America,
Bay Area,930,北美,无匹配类别,无匹配标签,America,North America,
Middle America,932,中美洲,发展中国家,无匹配标签,无匹配标签,North America,
the Kalamazoo River,935,北美,无匹配类别,无匹配标签,无匹配标签,North America,
Coastal Plain,936,无匹配类别,无匹配类别,无匹配标签,无匹配标签,North America,
the North Saskatchewan River,940,北美,无匹配类别,无匹配标签,无匹配标签,North America,
the North American Coal Corporation,941,北美,无匹配类别,无匹配标签,,North America,
Yucatán Peninsula,942,北美,发展中国家,无匹配标签,,North America,
Forest Lake,944,无匹配类别,无匹配类别,无匹配标签,,North America,
Western Pennsylvania,945,北美,无匹配类别,无匹配标签,,North America,
the Penobscot River,946,北美,无匹配类别,无匹配标签,,North America,
Sunny Isles Beach,947,北美,无匹配类别,无匹配标签,,North America,
Red Earth Creek,949,无匹配类别,无匹配类别,无匹配标签,,North America,
the Northern Rockies,950,北美,无匹配类别,无匹配标签,,North America,
Petersham,951,无匹配类别,无匹配类别,无匹配标签,,North America,
Elyria,953,无匹配类别,无匹配类别,无匹配标签,,North America,
the Dauphin Island Sea Lab,956,北美,无匹配类别,无匹配标签,,North America,
Central Coast,957,无匹配类别,无匹配类别,无匹配标签,,North America,
Cascades,959,无匹配类别,无匹配类别,无匹配标签,,North America,
the McKenzie River,960,北美,无匹配类别,无匹配标签,,North America,
c,961,无匹配类别,无匹配类别,无匹配标签,无匹配标签,North America,
Western Oregon,962,北美,无匹配类别,无匹配标签,,North America,
the Central United States,965,北美,发达国家,Top CO2 Emitters,,North America,
Pine Island,966,无匹配类别,无匹配类别,无匹配标签,,North America,
McKenzie Valley,968,北美,无匹配类别,无匹配标签,,North America,
the Sabine River,970,北美,无匹配类别,无匹配标签,,North America,
Mount Rainier,972,北美洲,无匹配类别,无匹配标签,,North America,
Northern Mexico,974,北美,发展中国家,无匹配标签,,North America,
the Central Plains,975,东亚,无匹配类别,无匹配标签,,North America,
the San Bernardino Mountains,976,北美,无匹配类别,无匹配标签,,North America,
Chinitna Bay,979,无匹配类别,无匹配类别,无匹配标签,,North America,
Kashmere Gardens,980,南亚,无匹配类别,无匹配标签,,North America,
Lake Houston,981,北美,无匹配类别,无匹配标签,,North America,
Western Texas,984,北美,无匹配类别,无匹配标签,,North America,
Hudson River,985,北美,无匹配类别,无匹配标签,,North America,
New England’s,987,北美,无匹配类别,无匹配标签,,North America,
the Bay of Fundy,988,北美,无匹配类别,无匹配标签,,North America,
Rocky Mountain,989,北美,无匹配类别,无匹配标签,,North America,
Northern Arizona,990,北美,无匹配类别,无匹配标签,,North America,
Southern Colorado,991,北美,无匹配类别,无匹配标签,,North America,
the East Side,1000,无匹配类别,无匹配类别,无匹配标签,,North America,
Northern Virginia,1001,北美,无匹配类别,无匹配标签,,North America,
the Edenville Dam,1002,无匹配类别,无匹配类别,无匹配标签,,North America,
Lake Huron,1004,北美,无匹配类别,无匹配标签,,North America,
Lituya Bay,1005,北美,无匹配类别,无匹配标签,,North America,
Gowanus,1006,无匹配类别,无匹配类别,无匹配标签,,North America,
SoHo,1007,无匹配类别,无匹配类别,无匹配标签,,North America,
the east coast,1008,无匹配类别,无匹配类别,无匹配标签,,North America,
Dupont Circle,1010,北美,无匹配类别,无匹配标签,,North America,
East Grand Terre Island,1011,大洋洲,无匹配类别,无匹配标签,,North America,
Western North America,1012,北美,无匹配类别,无匹配标签,,North America,
Missouri River,1014,北美,无匹配类别,无匹配标签,,North America,
Mississippi Valley,1017,北美,无匹配类别,无匹配标签,,North America,
Southern Texas,1018,北美,无匹配类别,无匹配标签,,North America,
the Mississippi River Cities,1019,北美,无匹配类别,无匹配标签,,North America,
Shinnecock Bay,1021,北美,无匹配类别,无匹配标签,,North America,
the Central Valley’s,1022,无匹配类别,无匹配类别,无匹配标签,,North America,
the Klamath River Basin,1023,北美,无匹配类别,无匹配标签,,North America,
Glacier Bay,1025,北美,无匹配类别,无匹配标签,,North America,
the Anacostia River,1031,北美,无匹配类别,无匹配标签,,North America,
the Potomac River,1032,北美,无匹配类别,无匹配标签,,North America,
South Louisiana,1034,北美,发展中国家,无匹配标签,,North America,
Fox Island,1035,无匹配类别,无匹配类别,无匹配标签,,North America,
Byram Lake,1036,无匹配类别,无匹配类别,无匹配标签,,North America,
Beltway,1037,无匹配类别,无匹配类别,无匹配标签,,North America,
Wellfleet Bay,1038,北美,无匹配类别,无匹配标签,,North America,
the Atlantic Seaboard,1039,大西洋,无匹配类别,无匹配标签,,North America,
Red River,1040,东南亚,无匹配类别,无匹配标签,,North America,
Eastern Illinois,1045,北美,无匹配类别,无匹配标签,,North America,
Guarding Ocean City,1046,无匹配类别,无匹配类别,无匹配标签,,North America,
West Neck Creek,1047,无匹配类别,无匹配类别,无匹配标签,,North America,
the Dog River,1048,无匹配类别,无匹配类别,无匹配标签,,North America,
Back Bay,1049,无匹配类别,无匹配类别,无匹配标签,,North America,
the Westlands Water District,1050,无匹配类别,无匹配类别,无匹配标签,,North America,
Southern New Jersey,1051,北美,无匹配类别,无匹配标签,,North America,
the Dan River,1054,无匹配类别,无匹配类别,无匹配标签,,North America,
Coastal California,1055,北美,发达国家,无匹配标签,,North America,
Brawley Mountain,1056,无匹配类别,无匹配类别,无匹配标签,,North America,
Chattooga River,1057,北美,无匹配类别,无匹配标签,,North America,
Western States,1060,北美,无匹配类别,无匹配标签,,North America,
Green Bay,1063,北美,无匹配类别,无匹配标签,,North America,
Governors Island,1064,北美,无匹配类别,无匹配标签,,North America,
Shasta Dam,1066,北美,无匹配类别,无匹配标签,,North America,
the West Coast’s,1067,无匹配类别,无匹配类别,无匹配标签,,North America,
Mount Shasta,1068,北美,无匹配类别,无匹配标签,,North America,
the McCloud River,1069,北美洲,无匹配类别,无匹配标签,,North America,
Lake Shasta,1070,北美洲,无匹配类别,无匹配标签,,North America,
Shasta Lake,1071,北美洲,无匹配类别,无匹配标签,,North America,
Pacific Coast,1072,太平洋,无匹配类别,无匹配标签,,North America,
the San Francisco Bay,1073,北美,无匹配类别,无匹配标签,,North America,
the West Village,1074,无匹配类别,无匹配类别,无匹配标签,,North America,
Sun Valley,1075,无匹配类别,无匹配类别,无匹配标签,,North America,
the East River,1076,无匹配类别,无匹配类别,无匹配标签,,North America,
Arctic Alaska,1082,北美,无匹配类别,无匹配标签,,North America,
Ocracoke Island,1083,北美,无匹配类别,无匹配标签,,North America,
High River,1084,无匹配类别,无匹配类别,无匹配标签,,North America,
the Eastern Seaboard,1085,北美,无匹配类别,无匹配标签,,North America,
Oxfam America,1088,无匹配类别,无匹配类别,无匹配标签,,North America,
West End,1089,无匹配类别,无匹配类别,无匹配标签,,North America,
the Left Coast,1090,无匹配类别,无匹配类别,无匹配标签,,North America,
the McNeil River,1091,北美,无匹配类别,无匹配标签,,North America,
McNeil River,1092,北美,无匹配类别,无匹配标签,,North America,
Middle Fork,1093,无匹配类别,无匹配类别,无匹配标签,,North America,
North Texas,1095,北美,无匹配类别,无匹配标签,,North America,
Iowa River,1108,北美,无匹配类别,无匹配标签,,North America,
the Coralville Dam,1109,无匹配类别,无匹配类别,无匹配标签,,North America,
Cedar River,1110,无匹配类别,无匹配类别,无匹配标签,,North America,
The East Coast,1112,北美,无匹配类别,无匹配标签,,North America,
Block Island,1113,北美,无匹配类别,无匹配标签,,North America,
Eastern Ontario,1118,北美,发展中国家,无匹配标签,,North America,
Southern New England,1120,北美,无匹配类别,无匹配标签,,North America,
West Virigina,1122,北美,无匹配类别,无匹配标签,,North America,
the Lydonia Canyon,1123,无匹配类别,无匹配类别,无匹配标签,,North America,
the Lower East Side Ecology Center,1124,无匹配类别,无匹配类别,无匹配标签,,North America,
the Upper Mississippi,1126,北美,无匹配类别,无匹配标签,,North America,
Missouri River Basin Forecast Center,1127,北美,无匹配类别,无匹配标签,,North America,
Cumberland River,1128,无匹配类别,无匹配类别,无匹配标签,,North America,
Tennessee River,1129,北美,无匹配类别,无匹配标签,,North America,
the Niobrara River,1130,北美,无匹配类别,无匹配标签,,North America,
the Gavins Point Dam,1131,无匹配类别,无匹配类别,无匹配标签,,North America,
Missouri River Basin Water Management Division,1132,北美,无匹配类别,无匹配标签,,North America,
the Missouri Basin,1133,北美,无匹配类别,无匹配标签,,North America,
Missouri River Basin,1134,北美,无匹配类别,无匹配标签,,North America,
The Missouri Basin,1135,北美,无匹配类别,无匹配标签,,North America,
The Salton Sea,1137,无匹配类别,无匹配类别,无匹配标签,,North America,
the Imperial District,1138,无匹配类别,无匹配类别,无匹配标签,,North America,
Columbus Circle,1139,北美,无匹配类别,无匹配标签,,North America,
the Death Valley,1142,北美,无匹配类别,无匹配标签,,North America,
San Francisco Bay Delta,1143,北美,无匹配类别,无匹配标签,,North America,
the San Francisco Bay Delta,1144,北美,无匹配类别,无匹配标签,,North America,
the Greensboro Four,1148,无匹配类别,无匹配类别,无匹配标签,,North America,
the Environment America,1156,北美,无匹配类别,无匹配标签,,North America,
Hurricanes Irma,1157,大西洋,无匹配类别,无匹配标签,,North America,
Powder River,1161,无匹配类别,无匹配类别,无匹配标签,,North America,
Northern California’s,1162,北美,无匹配类别,无匹配标签,,North America,
Belews Creek,1169,无匹配类别,无匹配类别,无匹配标签,,North America,
Saginaw River,1171,北美,无匹配类别,无匹配标签,,North America,
Saginaw Bay,1172,北美,无匹配类别,无匹配标签,,North America,
Southwest Florida,1175,北美,无匹配类别,无匹配标签,,North America,
Feather River,1181,无匹配类别,无匹配类别,无匹配标签,,North America,
the northern valley,1182,无匹配类别,无匹配类别,无匹配标签,,North America,
the Tuolumne River,1183,无匹配类别,无匹配类别,无匹配标签,,North America,
west coast,1185,无匹配类别,无匹配类别,无匹配标签,,North America,
West Ocean City,1186,无匹配类别,无匹配类别,无匹配标签,,North America,
the North American Free Trade Agreement,1187,北美,无匹配类别,无匹配标签,,North America,
Nafta,1188,北美,无匹配类别,无匹配标签,,North America,
Tahoe,1191,北美洲,无匹配类别,无匹配标签,,North America,
Ohio River Valley,1194,北美,无匹配类别,无匹配标签,,North America,
a Silicon Valley,1198,北美,无匹配类别,无匹配标签,,North America,
the Western Hudson Bay,1201,北美,无匹配类别,无匹配标签,,North America,
the Gulf of Alaska,1207,北美,无匹配类别,无匹配标签,,North America,
Kodiak Island,1208,北美,无匹配类别,无匹配标签,,North America,
Michipicoten Island,1211,北美,无匹配类别,无匹配标签,,North America,
Grand Canyon,1212,北美,无匹配类别,无匹配标签,,North America,
Monument Valley,1213,北美洲,无匹配类别,无匹配标签,,North America,
Central and Southeast states,1214,北美,无匹配类别,无匹配标签,,North America,
Houston bay,1215,北美,无匹配类别,无匹配标签,,North America,
the Tropical Eastern Pacific,1216,太平洋,无匹配类别,无匹配标签,,North America,
the Narragansett Bay,1221,北美,无匹配类别,无匹配标签,,North America,
Metreon,1222,无匹配类别,无匹配类别,无匹配标签,,North America,
the Pinaleño Mountains,1225,无匹配类别,无匹配类别,无匹配标签,,North America,
the Amargosa Basin,1226,无匹配类别,无匹配类别,无匹配标签,,North America,
the Rio Abajo,1227,南美,无匹配类别,无匹配标签,,North America,
Valdez,1230,无匹配类别,无匹配类别,无匹配标签,无匹配标签,North America,
the Great Basin of Nevada,1231,北美,无匹配类别,无匹配标签,,North America,
the Powder River Basin,1233,北美,无匹配类别,无匹配标签,,North America,
Turnbull Canyon,1234,无匹配类别,无匹配类别,无匹配标签,,North America,
Southeast Texas,1235,北美,无匹配类别,无匹配标签,,North America,
the Upper Mississippi Atchafalaya River Basin,1239,北美,无匹配类别,无匹配标签,,North America,
Unalaska Island,1242,北美,无匹配类别,无匹配标签,,North America,
Yucca Mountain,1246,北美洲,无匹配类别,无匹配标签,,North America,
the Chena River,1247,无匹配类别,无匹配类别,无匹配标签,,North America,
Beaver Dam,1249,北美,无匹配类别,无匹配标签,,North America,
Liberty Island,1251,北美洲,无匹配类别,无匹配标签,,North America,
the Alsek River,1253,北美,无匹配类别,无匹配标签,,North America,
Slims River,1254,无匹配类别,无匹配类别,无匹配标签,,North America,
the Kaskawulsh Valley,1255,无匹配类别,无匹配类别,无匹配标签,,North America,
the Cumberland River,1257,无匹配类别,无匹配类别,无匹配标签,,North America,
the Emory River,1258,无匹配类别,无匹配类别,无匹配标签,,North America,
Mount Logan,1260,北美,无匹配类别,无匹配标签,,North America,
the California Delta,1262,北美,无匹配类别,无匹配标签,,North America,
Mokelumne River,1263,无匹配类别,无匹配类别,无匹配标签,,North America,
the Calaveras Dam,1264,无匹配类别,无匹配类别,无匹配标签,,North America,
Lake Isabella,1265,北美洲,无匹配类别,无匹配标签,,North America,
Kern River,1266,无匹配类别,无匹配类别,无匹配标签,,North America,
East Village*,1268,无匹配类别,无匹配类别,无匹配标签,,North America,
The East Village,1269,无匹配类别,无匹配类别,无匹配标签,,North America,
the Hudson Valley,1274,北美,无匹配类别,无匹配标签,,North America,
the Hudson River Dam,1277,北美,无匹配类别,无匹配标签,,North America,
the Sonoma Peninsula,1300,无匹配类别,无匹配类别,无匹配标签,,North America,
The San Andreas Fault,1302,北美洲,无匹配类别,无匹配标签,,North America,
the Southeast U,1303,东南亚,无匹配类别,无匹配标签,,North America,
Western Europe,3,欧洲,发达国家,无匹配标签,无匹配标签,Europe,
Mediterranean,4,欧洲,无匹配类别,无匹配标签,无匹配标签,Europe,
Europe,7,欧洲,无匹配类别,Climate Policy Leaders,无匹配标签,Europe,
Mediterranean Basin,38,欧洲,无匹配类别,无匹配标签,无匹配标签,Europe,
the Equatorial Pacific,47,太平洋,无匹配类别,无匹配标签,无匹配标签,Europe,
England,55,欧洲,发达国家,Climate Policy Leaders,England,Europe,
Scandinavia,68,欧洲,无匹配类别,无匹配标签,"""无匹配标签""",Europe,
Bristol England,70,欧洲,发达国家,无匹配标签,England,Europe,
bombastic florid,94,欧洲,无匹配类别,无匹配标签,无匹配标签,Europe,
Central Europe,108,欧洲,无匹配类别,无匹配标签,无匹配标签,Europe,
Southern Europe,110,欧洲,无匹配类别,无匹配标签,无匹配标签,Europe,
Turkeys Ergene River,179,欧洲,发展中国家,无匹配标签,Turkey,Europe,
Eastern Europeor,192,欧洲,无匹配类别,无匹配标签,无匹配标签,Europe,
Similarly Europe,194,欧洲,无匹配类别,Climate Policy Leaders,无匹配标签,Europe,
the Rhone River,248,欧洲,无匹配类别,无匹配标签,Europe,Europe,
the Mediterranean Sea,249,无匹配类别,无匹配类别,无匹配标签,无匹配标签,Europe,
Torrevieja,251,无匹配类别,无匹配类别,无匹配标签,无匹配标签,Europe,
Northern Europe,252,欧洲,无匹配类别,无匹配标签,无匹配标签,Europe,
East London,273,非洲,发展中国家,无匹配标签,England,Europe,
the Finsbury Park,274,欧洲,无匹配类别,无匹配标签,无匹配标签,Europe,
Shetland Creek,283,无匹配类别,无匹配类别,无匹配标签,无匹配标签,Europe,
Siberia,308,亚洲,无匹配类别,无匹配标签,无匹配标签,Europe,
the North Sea,320,欧洲,无匹配类别,无匹配标签,无匹配标签,Europe,
North Sea,321,欧洲,无匹配类别,无匹配标签,无匹配标签,Europe,
the Isle of Wight,322,欧洲,无匹配类别,无匹配标签,无匹配标签,Europe,
Maribo,370,无匹配类别,无匹配类别,无匹配标签,无匹配标签,Europe,
Black Sea,378,欧洲,无匹配类别,无匹配标签,无匹配标签,Europe,
Neuburg,392,欧洲,无匹配类别,无匹配标签,无匹配标签,Europe,
the Ahr Valley,393,无匹配类别,无匹配类别,无匹配标签,无匹配标签,Europe,
the Baar River,394,无匹配类别,无匹配类别,无匹配标签,无匹配标签,Europe,
the Danube River,395,欧洲,无匹配类别,无匹配标签,无匹配标签,Europe,
Ahr Valley,396,无匹配类别,无匹配类别,无匹配标签,无匹配标签,Europe,
the Ahr River,397,欧洲,无匹配类别,无匹配标签,无匹配标签,Europe,
Central and Eastern Europe,398,欧洲,无匹配类别,无匹配标签,无匹配标签,Europe,
North Macedonia,399,欧洲,发展中国家,无匹配标签,无匹配标签,Europe,
Balkans,400,欧洲,无匹配类别,无匹配标签,无匹配标签,Europe,
the Aegean Sea,401,欧洲,无匹配类别,无匹配标签,无匹配标签,Europe,
the Iberian Peninsula,452,欧洲,无匹配类别,无匹配标签,无匹配标签,Europe,
Ruhr Valley,474,欧洲,无匹配类别,无匹配标签,Germany,Europe,
Adriatic,506,欧洲,无匹配类别,无匹配标签,无匹配标签,Europe,
Kew Gardens,577,欧洲,无匹配类别,无匹配标签,无匹配标签,Europe,
Glasgow,599,欧洲,无匹配类别,无匹配标签,英国,Europe,
the Lena River,600,亚洲,无匹配类别,无匹配标签,"""无匹配标签""",Europe,
Louvre,609,欧洲,无匹配类别,无匹配标签,France,Europe,
the Baltic Sea,614,欧洲,无匹配类别,无匹配标签,无匹配标签,Europe,
the Rhine River,624,欧洲,无匹配类别,无匹配标签,无匹配标签,Europe,
the Vjosa River,672,无匹配类别,无匹配类别,无匹配标签,无匹配标签,Europe,
the Black Sea,738,无匹配类别,无匹配类别,无匹配标签,无匹配标签,Europe,
Central London,784,欧洲,发达国家,无匹配标签,England,Europe,
Bergen,812,欧洲,无匹配类别,无匹配标签,无匹配标签,Europe,
Ahr River,835,无匹配类别,无匹配类别,无匹配标签,无匹配标签,Europe,
Ahr,836,无匹配类别,无匹配类别,无匹配标签,无匹配标签,Europe,
the Ahr river,840,无匹配类别,无匹配类别,无匹配标签,无匹配标签,Europe,
the Meuse River,847,欧洲,无匹配类别,无匹配标签,无匹配标签,Europe,
the British Isles,911,欧洲,发达国家,无匹配标签,无匹配标签,Europe,
the Omsk Region of Siberia,927,亚洲,发展中国家,无匹配标签,Russia,Europe,
South London,931,欧洲,无匹配类别,无匹配标签,England,Europe,
Northern Siberia,952,亚洲,无匹配类别,Most Vulnerable to Climate Change,,Europe,
Southern France,954,欧洲,发达国家,Climate Policy Leaders,,Europe,
the Ebro River,1030,欧洲,无匹配类别,无匹配标签,,Europe,
the Faroe Islands,1043,欧洲,无匹配类别,无匹配标签,,Europe,
Central Siberia,1080,亚洲,无匹配类别,无匹配标签,,Europe,
the Mayflower Marina,1087,无匹配类别,无匹配类别,无匹配标签,,Europe,
Central and Western Europe,1094,欧洲,无匹配类别,无匹配标签,,Europe,
the Irish Sea,1111,欧洲,无匹配类别,无匹配标签,,Europe,
Baltics,1125,欧洲,无匹配类别,无匹配标签,,Europe,
Eastern Mediterranean,1158,中东,无匹配类别,无匹配标签,,Europe,
Loire River,1166,欧洲,无匹配类别,无匹配标签,,Europe,
Hvalur,1170,无匹配类别,无匹配类别,无匹配标签,,Europe,
the Caucasus Mountains,1204,欧洲,无匹配类别,无匹配标签,,Europe,
Arctic Drilling Fight:,1220,无匹配类别,无匹配类别,无匹配标签,,Europe,
Christian Europe,1223,欧洲,无匹配类别,无匹配标签,,Europe,
RecordWhile Europe,1295,欧洲,无匹配类别,无匹配标签,,Europe,
Horizon Europe,1296,欧洲,无匹配类别,无匹配标签,,Europe,
Oromia,11,非洲,无匹配类别,无匹配标签,无匹配标签,Africa,
Africa,16,非洲,无匹配类别,无匹配标签,无匹配标签,Africa,
Death valley,44,北美,无匹配类别,无匹配标签,无匹配标签,Africa,
New Orleans East,49,北美,无匹配类别,无匹配标签,America,Africa,
Cape Town South Africa,72,非洲,发展中国家,无匹配标签,South Africa,Africa,
Africa ,74,非洲,无匹配类别,无匹配标签,无匹配标签,Africa,
South Africas Durban,143,非洲,发展中国家,无匹配标签,South Africa,Africa,
the Sahara Desert,152,非洲,无匹配类别,无匹配标签,无匹配标签,Africa,
Sahara,163,非洲,无匹配类别,无匹配标签,无匹配标签,Africa,
South Africas,166,非洲,发展中国家,无匹配标签,无匹配标签,Africa,
Nile River,195,非洲,埃及属于发展中国家，尼罗河主要流经埃及等国家，所以这里分类为发展中国家,无匹配标签,Egypt,Africa,
Lake Turkana,199,非洲,无匹配类别,无匹配标签,肯尼亚,Africa,
West Africas,217,非洲,无匹配类别,无匹配标签,无匹配标签,Africa,
Northern Rhodesia,311,非洲,无匹配类别,无匹配标签,无匹配标签,Africa,
Amboseli National Park,339,非洲,无匹配类别,无匹配标签,无匹配标签,Africa,
Mount Kilimanjaro,340,非洲,无匹配类别,无匹配标签,Tanzania,Africa,
North Safaris,341,无匹配类别,无匹配类别,无匹配标签,无匹配标签,Africa,
the Masai Mara,458,非洲,发展中国家,无匹配标签,无匹配标签,Africa,
Rift Valley,460,非洲,无匹配类别,无匹配标签,无匹配标签,Africa,
the Wild Coast,475,非洲,无匹配类别,无匹配标签,无匹配标签,Africa,
the Wild Coast of South Africa,476,非洲,发展中国家,无匹配标签,South Africa,Africa,
Wild Coast,477,非洲,无匹配类别,无匹配标签,无匹配标签,Africa,
the Horn of Africa,546,非洲,最不发达国家,Most Vulnerable to Climate Change,无匹配标签,Africa,
Congo Basin,556,非洲,最不发达国家,无匹配标签,刚果,Africa,
the Congo River,557,非洲,无匹配类别,无匹配标签,无匹配标签,Africa,
Durban,580,非洲,发展中国家,无匹配标签,South Africa,Africa,
South Africa,581,非洲,发展中国家,无匹配标签,South Africa,Africa,
Nkok,602,无匹配类别,无匹配类别,无匹配标签,无匹配标签,Africa,
the Congo Basin,648,非洲,发展中国家,无匹配标签,无匹配标签,Africa,
Niger Delta,701,非洲,发展中国家,无匹配标签,无匹配标签,Africa,
the Niger Delta,705,非洲,发展中国家,无匹配标签,Nigeria,Africa,
Cape Town,741,非洲,发展中国家,无匹配标签,South Africa,Africa,
Table Mountain,747,非洲,无匹配类别,无匹配标签,无匹配标签,Africa,
Congo River,775,非洲,最不发达国家,无匹配标签,无匹配标签,Africa,
the Mandrare River,776,非洲,无匹配类别,无匹配标签,无匹配标签,Africa,
Cameroon,779,非洲,发展中国家,无匹配标签,无匹配标签,Africa,
Southern Africa,883,非洲,发展中国家,Most Vulnerable to Climate Change,无匹配标签,Africa,
Nile,903,非洲,发展中国家,无匹配标签,无匹配标签,Africa,
South Sudan,922,非洲,最不发达国家,Most Vulnerable to Climate Change,无匹配标签,Africa,
Ivory Coast,943,非洲,发展中国家,无匹配标签,,Africa,
The Nairobi River,969,非洲,无匹配类别,无匹配标签,,Africa,
the Table Mountain,1015,非洲,无匹配类别,无匹配标签,,Africa,
the Msimbazi River,1106,非洲,无匹配类别,无匹配标签,,Africa,
Mount Kenya,1117,非洲,无匹配类别,无匹配标签,,Africa,
Chisi Island,1153,无匹配类别,无匹配类别,无匹配标签,,Africa,
Lake Chilwa,1154,非洲,无匹配类别,无匹配标签,,Africa,
Lake Geneva,1219,欧洲,无匹配类别,无匹配标签,,Africa,
Hoima,1243,非洲,发展中国家,无匹配标签,,Africa,
Africa*,1275,非洲,发展中国家,无匹配标签,,Africa,
the Caribbean Sea,118,无匹配类别,无匹配类别,无匹配标签,无匹配标签,Caribbean,
Caribbean,140,中美洲,无匹配类别,Most Vulnerable to Climate Change,无匹配标签,Caribbean,
Caribbean Sea,180,无匹配类别,无匹配类别,无匹配标签,无匹配标签,Caribbean,
EuropeNorth America,181,欧洲,无匹配类别,无匹配标签,无匹配标签,Caribbean,
Bridgetown,589,无匹配类别,发展中国家,无匹配标签,Barbados,Caribbean,
Caribbean island,791,中美洲,无匹配类别,Most Vulnerable to Climate Change,无匹配标签,Caribbean,
Leeward Islands,1079,大西洋,无匹配类别,Most Vulnerable to Climate Change,,Caribbean,
Southern India,9,南亚,发展中国家,Top CO2 Emitters,India,South Asia,
the Indus River Basin,21,南亚,无匹配类别,无匹配标签,无匹配标签,South Asia,
Kashmir,278,南亚,无匹配类别,无匹配标签,无匹配标签,South Asia,
South Asia’s,279,南亚,无匹配类别,无匹配标签,无匹配标签,South Asia,
Kalpitiya,331,南亚,无匹配类别,无匹配标签,无匹配标签,South Asia,
Indus Valley,402,南亚,发展中国家,无匹配标签,无匹配标签,South Asia,
Jacobabad,403,南亚,发展中国家,无匹配标签,无匹配标签,South Asia,
Hasdeo Aranya,478,无匹配类别,无匹配类别,无匹配标签,无匹配标签,South Asia,
Himalayas,487,南亚,无匹配类别,无匹配标签,无匹配标签,South Asia,
the Ganges River,572,南亚,发展中国家,无匹配标签,India,South Asia,
the Indus River,633,南亚,无匹配类别,无匹配标签,无匹配标签,South Asia,
Indus River Basin,634,南亚,无匹配类别,无匹配标签,无匹配标签,South Asia,
the Swat River,650,南亚,无匹配类别,无匹配标签,无匹配标签,South Asia,
the Bay of Bengal,679,南亚,无匹配类别,无匹配标签,无匹配标签,South Asia,
Northwestern India,699,南亚,发展中国家,无匹配标签,India,South Asia,
Southeastern Pakistan,700,南亚,发展中国家,无匹配标签,Pakistan,South Asia,
Bhutan,796,南亚,发展中国家,无匹配标签,无匹配标签,South Asia,
Gilgit-Baltistan,894,南亚,无匹配类别,无匹配标签,无匹配标签,South Asia,
Indus River,895,南亚,无匹配类别,无匹配标签,无匹配标签,South Asia,
the Rishiganga River,920,南亚,无匹配类别,无匹配标签,无匹配标签,South Asia,
the Dhauliganga River,921,南亚,无匹配类别,无匹配标签,无匹配标签,South Asia,
Brahmaputra River,977,南亚,无匹配类别,无匹配标签,,South Asia,
Brahmaputra,978,南亚,无匹配类别,无匹配标签,,South Asia,
Yamuna River,1053,南亚,无匹配类别,无匹配标签,,South Asia,
Ganges River,1165,南亚,无匹配类别,无匹配标签,,South Asia,
the Adi Ganga,1173,南亚,无匹配类别,无匹配标签,,South Asia,
Western Tripura,1267,南亚,发展中国家,无匹配标签,,South Asia,
South Americas,53,南美,无匹配类别,无匹配标签,无匹配标签,Antarctica,
East Antarctica,76,南极,无匹配类别,无匹配标签,无匹配标签,Antarctica,
Antarctic,77,南极洲,无匹配类别,无匹配标签,无匹配标签,Antarctica,
the Antarctic Peninsula,78,南极,无匹配类别,无匹配标签,无匹配标签,Antarctica,
Antarcticas,79,南极,无匹配类别,无匹配标签,无匹配标签,Antarctica,
West Antarctica,80,南极洲,无匹配类别,无匹配标签,无匹配标签,Antarctica,
the Permian Basin,81,北美,无匹配类别,无匹配标签,无匹配标签,Antarctica,
the Weddell Sea,83,无匹配类别,无匹配类别,无匹配标签,无匹配标签,Antarctica,
Antarctic sea,85,南极,无匹配类别,无匹配标签,无匹配标签,Antarctica,Antarctica
Atlantic Ocean,104,大西洋,无匹配类别,无匹配标签,无匹配标签,Antarctica,
the Amundsen Sea,164,南极,无匹配类别,无匹配标签,无匹配标签,Antarctica,
Far South,250,无匹配类别,无匹配类别,无匹配标签,无匹配标签,Antarctica,
the Southern Ocean,285,无匹配类别,无匹配类别,无匹配标签,无匹配标签,Antarctica,
the South Pole,537,南极,无匹配类别,无匹配标签,无匹配标签,Antarctica,
West Antarctic,638,南极,无匹配类别,无匹配标签,无匹配标签,Antarctica,
Paulet Island,719,南极洲,无匹配类别,无匹配标签,无匹配标签,Antarctica,
Antarctic Peninsula,720,南极,无匹配类别,无匹配标签,无匹配标签,Antarctica,
the Ross Sea,724,南极,无匹配类别,无匹配标签,无匹配标签,Antarctica,
the Antarctic Sound,725,南极,无匹配类别,无匹配标签,无匹配标签,Antarctica,
Weddell Sea,726,南极,无匹配类别,无匹配标签,无匹配标签,Antarctica,
the South Shetland Islands,743,南极洲,无匹配类别,无匹配标签,无匹配标签,Antarctica,
the Agulhas II,755,非洲,无匹配类别,无匹配标签,无匹配标签,Antarctica,
The South Pole,993,南极,无匹配类别,无匹配标签,,Antarctica,
the Antarctic Plateau,995,南极,无匹配类别,无匹配标签,,Antarctica,
Devil Island,1026,无匹配类别,无匹配类别,无匹配标签,,Antarctica,
The Antarctic Peninsula,1027,南极,无匹配类别,无匹配标签,,Antarctica,
Hut Point Peninsula,1150,南极,无匹配类别,无匹配标签,,Antarctica,
the Danger Islands,1152,南极洲,无匹配类别,无匹配标签,,Antarctica,
East Antarctic,1179,南极,无匹配类别,无匹配标签,,Antarctica,
West Antarctica’s,1238,南极,无匹配类别,无匹配标签,,Antarctica,
South Pole,1244,南极,无匹配类别,无匹配标签,,Antarctica,
Atlantic,5,大西洋,无匹配类别,无匹配标签,无匹配标签,Atlantic,
the Atlantic Ocean,20,大西洋,无匹配类别,无匹配标签,无匹配标签,Atlantic,
the North Atlantic,103,大西洋,无匹配类别,无匹配标签,无匹配标签,Atlantic,
Oceania,75,大洋洲,无匹配类别,无匹配标签,无匹配标签,Oceania,
Galpagos Islands,126,南美,无匹配类别,无匹配标签,Ecuador,Oceania,
Baltra Island,127,无匹配类别,无匹配类别,无匹配标签,无匹配标签,Oceania,
New South Wales,187,大洋洲,无匹配类别,无匹配标签,无匹配标签,Oceania,
Runion Island,206,非洲,发展中国家,无匹配标签,无匹配标签,Oceania,
Ata Island,212,大洋洲,无匹配类别,无匹配标签,无匹配标签,Oceania,
the Galpagos Islands,232,南美,无匹配类别,无匹配标签,无匹配标签,Oceania,
Lizard Island,258,大洋洲,无匹配类别,无匹配标签,无匹配标签,Oceania,
the Coral Sea,259,大洋洲,无匹配类别,无匹配标签,无匹配标签,Oceania,
Maui,261,北美,无匹配类别,无匹配标签,无匹配标签,Oceania,
Heron Island,262,大洋洲,无匹配类别,无匹配标签,无匹配标签,Oceania,
East Cape,417,大洋洲,无匹配类别,无匹配标签,无匹配标签,Oceania,
Mount Stromlo,431,无匹配类别,无匹配类别,无匹配标签,无匹配标签,Oceania,
the Cook Islands,465,大洋洲,发展中国家,无匹配标签,无匹配标签,Oceania,
Mid North Coast,543,无匹配类别,无匹配类别,无匹配标签,无匹配标签,Oceania,
the South Pacific,566,太平洋,无匹配类别,Most Vulnerable to Climate Change,无匹配标签,Oceania,
Pacific Island,567,大洋洲,无匹配类别,Most Vulnerable to Climate Change,无匹配标签,Oceania,
Pacific island,568,大洋洲,无匹配类别,Most Vulnerable to Climate Change,无匹配标签,Oceania,
the Northern Territory,623,大洋洲,无匹配类别,无匹配标签,无匹配标签,Oceania,
Carlton Gardens,722,无匹配类别,无匹配类别,无匹配标签,无匹配标签,Oceania,
the Pacific island,732,大洋洲,无匹配类别,Most Vulnerable to Climate Change,无匹配标签,Oceania,
the Big Island,735,大洋洲,无匹配类别,无匹配标签,无匹配标签,Oceania,
the Blue Mountain World Heritage Site,740,无匹配类别,无匹配类别,无匹配标签,无匹配标签,Oceania,
the Solomon Islands,792,大洋洲,最不发达国家,Most Vulnerable to Climate Change,无匹配标签,Oceania,
South Pacific,793,大洋洲,无匹配类别,无匹配标签,无匹配标签,Oceania,
the Bowen Basin,795,大洋洲,无匹配类别,无匹配标签,无匹配标签,Oceania,
the Kauai O’o,813,大洋洲,无匹配类别,无匹配标签,无匹配标签,Oceania,
Molokai,814,大洋洲,无匹配类别,无匹配标签,无匹配标签,Oceania,
Ejit Island,839,太平洋,无匹配类别,无匹配标签,无匹配标签,Oceania,
Levu Island,900,大洋洲,无匹配类别,无匹配标签,无匹配标签,Oceania,
Pacific islands,1077,大洋洲,无匹配类别,Most Vulnerable to Climate Change,,Oceania,
the Galilee Basin,1086,大洋洲,无匹配类别,无匹配标签,,Oceania,
Galilee Basin,1097,无匹配类别,无匹配类别,无匹配标签,,Oceania,
Home Island,1103,大洋洲,无匹配类别,无匹配标签,,Oceania,
West Island,1104,大洋洲,无匹配类别,无匹配标签,,Oceania,
South Island,1105,大洋洲,无匹配类别,无匹配标签,,Oceania,
Wagga Wagga,1114,东亚,无匹配类别,无匹配标签,,Oceania,
the North Curl Curl Surf Life Saving Club,1115,无匹配类别,无匹配类别,无匹配标签,,Oceania,
Kaneohe Bay,1140,大洋洲,无匹配类别,无匹配标签,,Oceania,
South Tarawa,1200,大洋洲,最不发达国家,Most Vulnerable to Climate Change,,Oceania,
Mount Agung,1202,亚洲,无匹配类别,无匹配标签,,Oceania,
Isle of the Dead,1252,无匹配类别,无匹配类别,无匹配标签,,Oceania,
Latin America,29,无匹配类别,无匹配类别,无匹配标签,Latin America,South America,
premises,51,南美,无匹配类别,无匹配标签,无匹配标签,South America,
South America,52,南美,无匹配类别,无匹配标签,无匹配标签,South America,
Natural Yards Now,56,南美,无匹配类别,无匹配标签,无匹配标签,South America,
South Americas Amazon,154,南美,无匹配类别,无匹配标签,South Americas,South America,
Andes,219,南美,无匹配类别,无匹配标签,无匹配标签,South America,
The Doce River,243,南美,无匹配类别,无匹配标签,无匹配标签,South America,
the Cerrado savanna,306,南美,无匹配类别,无匹配标签,无匹配标签,South America,
the Chilean Andes,432,南美,发展中国家,无匹配标签,Chile,South America,
Gemini South,433,无匹配类别,无匹配类别,无匹配标签,无匹配标签,South America,
the Guaiba River,445,南美,无匹配类别,无匹配标签,无匹配标签,South America,
Cochamó Valley,468,无匹配类别,无匹配类别,无匹配标签,无匹配标签,South America,
the Andes Mountains,469,南美,无匹配类别,无匹配标签,无匹配标签,South America,
the Cochamó Valley,470,南美,无匹配类别,无匹配标签,无匹配标签,South America,
South Andean,471,南美,无匹配类别,无匹配标签,无匹配标签,South America,
The Cochamó Valley,472,无匹配类别,无匹配类别,无匹配标签,无匹配标签,South America,
Antofagasta,524,南美,发展中国家,无匹配标签,Chile,South America,
the Galápagos Islands,531,南美,无匹配类别,无匹配标签,无匹配标签,South America,
Latin America’s,586,南美,无匹配类别,无匹配标签,无匹配标签,South America,
Easter Island,622,大洋洲,无匹配类别,无匹配标签,无匹配标签,South America,
Javari Valley Indigenous,626,南美,无匹配类别,无匹配标签,无匹配标签,South America,
the Atacama Desert,651,南美,无匹配类别,无匹配标签,Chile,South America,
Southern Chile,658,南美,发展中国家,无匹配标签,Chile,South America,
Galápagos,683,南美,发展中国家,无匹配标签,无匹配标签,South America,
South Georgia,717,无匹配类别,无匹配类别,无匹配标签,无匹配标签,South America,
the Aguarico River,754,南美,无匹配类别,无匹配标签,无匹配标签,South America,
South America’s,760,南美,无匹配类别,无匹配标签,无匹配标签,South America,
Galápagos archipelago,901,南美,发展中国家,无匹配标签,无匹配标签,South America,
the Paraná River,963,南美,无匹配类别,无匹配标签,,South America,
the Paraná Delta,964,南美,发展中国家,无匹配标签,,South America,
Southeastern Brazil,967,南美,发展中国家,无匹配标签,,South America,
East Asia,26,东亚,无匹配类别,无匹配标签,无匹配标签,East Asia,
the Sea of Japan,27,东亚,无匹配类别,无匹配标签,Japan,East Asia,
Chinas Yangtze River,34,东亚,发展中国家,无匹配标签,China,East Asia,
North Koreas,116,东亚,无匹配类别,无匹配标签,无匹配标签,East Asia,East Asia
Wuhan China,133,东亚,发展中国家,Top CO2 Emitters,China,East Asia,
East Asiaparticularly eastern,168,东亚,无匹配类别,无匹配标签,无匹配标签,East Asia,
Yangtze River,215,东亚,无匹配类别,无匹配标签,China,East Asia,
Chinas NDC,216,东亚,发展中国家,无匹配标签,无匹配标签,East Asia,
the Korean Peninsula,230,东亚,发展中国家,无匹配标签,Korea,East Asia,
South China,375,东亚,发展中国家,无匹配标签,China,East Asia,
the South China,376,东亚,发展中国家,无匹配标签,China,East Asia,
Eastern China,538,东亚,发展中国家,Top CO2 Emitters,China,East Asia,
the Yangtze River,590,东亚,无匹配类别,无匹配标签,China,East Asia,
Jialing River,652,东亚,无匹配类别,无匹配标签,"【""无匹配标签""】",East Asia,
Yangtze,653,东亚,无匹配类别,无匹配标签,无匹配标签,East Asia,
Far East,655,东亚,无匹配类别,无匹配标签,无匹配标签,East Asia,
Sakhalin,733,东亚,无匹配类别,无匹配标签,Russia,East Asia,
Sakhalin Island,799,东亚,无匹配类别,无匹配标签,无匹配标签,East Asia,
Okhotsky Bay,805,东亚,无匹配类别,无匹配标签,无匹配标签,East Asia,
Inner Mongolia,811,东亚,无匹配类别,无匹配标签,无匹配标签,East Asia,
Sakha,816,无匹配类别,无匹配类别,无匹配标签,无匹配标签,East Asia,
Shibuya,842,东亚,无匹配类别,无匹配标签,Japan,East Asia,
Mentougou District,896,东亚,无匹配类别,无匹配标签,无匹配标签,East Asia,
Fukushima Daiichi,906,东亚,发展中国家,无匹配标签,Japan,East Asia,
the South China Sea,1116,东亚,无匹配类别,无匹配标签,,East Asia,
west Japan,1168,东亚,发达国家,无匹配标签,,East Asia,
the Metropolitan Area Outer Underground Discharge Channel,1232,无匹配类别,无匹配类别,无匹配标签,,East Asia,
Southeast Asia,13,东南亚,发展中国家,无匹配标签,无匹配标签,Southeast Asia,
Mati,254,无匹配类别,无匹配类别,无匹配标签,无匹配标签,Southeast Asia,
Mount Pinatubo,271,无匹配类别,无匹配类别,无匹配标签,无匹配标签,Southeast Asia,
Cardamom Mountains,292,东南亚,无匹配类别,无匹配标签,无匹配标签,Southeast Asia,
the Cardamom Mountains,293,东南亚,无匹配类别,无匹配标签,无匹配标签,Southeast Asia,
the Mekong River,560,东南亚,发展中国家,无匹配标签,无匹配标签,Southeast Asia,
Luzon,676,东南亚,发展中国家,无匹配标签,无匹配标签,Southeast Asia,
Mount Tambora,731,亚洲,无匹配类别,无匹配标签,无匹配标签,Southeast Asia,
West Sumatra,1061,东南亚,发展中国家,无匹配标签,,Southeast Asia,
Pakan Rabaa,1062,无匹配类别,无匹配类别,无匹配标签,,Southeast Asia,
Mekong Delta,1159,东南亚,发展中国家,无匹配标签,,Southeast Asia,
the Strait of Malacca,1178,东南亚,无匹配类别,无匹配标签,,Southeast Asia,
Pacific Ocean,6,太平洋,无匹配类别,无匹配标签,无匹配标签,Pacific Ocean,
Pacific,39,太平洋,无匹配类别,无匹配标签,无匹配标签,Pacific Ocean,
Central America,46,中美洲,无匹配类别,无匹配标签,无匹配标签,Pacific Ocean,
Southern Ocean,86,无匹配类别,无匹配类别,无匹配标签,无匹配标签,Pacific Ocean,
the Pacific Ocean,117,太平洋,无匹配类别,无匹配标签,无匹配标签,Pacific Ocean,
eastern Pacific Ocean,141,太平洋,无匹配类别,无匹配标签,无匹配标签,Pacific Ocean,
Pacific Plate,151,太平洋,无匹配类别,无匹配标签,无匹配标签,Pacific Ocean,
the North Pacific Ocean,196,太平洋,无匹配类别,无匹配标签,无匹配标签,Pacific Ocean,
the North Pacific,197,太平洋,无匹配类别,无匹配标签,无匹配标签,Pacific Ocean,
the Pacific Ring,211,太平洋,无匹配类别,无匹配标签,无匹配标签,Pacific Ocean,
Northern Pacific,569,太平洋,无匹配类别,无匹配标签,无匹配标签,Pacific Ocean,
the Pacific Ocean’s,677,太平洋,无匹配类别,无匹配标签,无匹配标签,Pacific Ocean,
the Western North Pacific,704,太平洋,无匹配类别,无匹配标签,无匹配标签,Pacific Ocean,
Northeast Pacific,824,太平洋,无匹配类别,无匹配标签,无匹配标签,Pacific Ocean,
the Northwest Pacific,825,太平洋,无匹配类别,无匹配标签,无匹配标签,Pacific Ocean,
the Asia-Pacific,997,亚太地区,无匹配类别,无匹配标签,,Pacific Ocean,
the Northeast Pacific Ocean,1163,太平洋,无匹配类别,无匹配标签,,Pacific Ocean,
the Pacific Rim,1206,太平洋,无匹配类别,无匹配标签,,Pacific Ocean,
Earth’s Future,1217,无匹配类别,无匹配类别,无匹配标签,,Pacific Ocean,
the Global South,28,无匹配类别,发展中国家,无匹配标签,无匹配标签,Global South,
East Africas,45,非洲,最不发达国家,无匹配标签,无匹配标签,Central America,
Central America’s,585,中美洲,无匹配类别,无匹配标签,无匹配标签,Central America,
Barro Colorado Island,973,中美,无匹配类别,无匹配标签,,Central America,
Lake Alajuela,1102,无匹配类别,无匹配类别,无匹配标签,,Central America,
the Belizean coast,1189,中美洲,发展中国家,无匹配标签,,Central America,
Indian Ocean,105,印度洋,无匹配类别,无匹配标签,无匹配标签,Indian Ocean,
Northern Indian,169,南亚,发展中国家,无匹配标签,India,Indian Ocean,
Cyclone Hyacinthe,205,无匹配类别,无匹配类别,无匹配标签,无匹配标签,Indian Ocean,
the Indian Ocean Dipole,288,印度洋,无匹配类别,无匹配标签,无匹配标签,Indian Ocean,
the Indian Ocean,348,印度洋,无匹配类别,无匹配标签,无匹配标签,Indian Ocean,
the Indian Ocean Islands,1273,印度洋,无匹配类别,无匹配标签,,Indian Ocean,
Arctic sea,132,无匹配类别,无匹配类别,无匹配标签,无匹配标签,Arctic Ocean,
Arctic Ocean,173,无匹配类别,无匹配类别,无匹配标签,无匹配标签,Arctic Ocean,
the Chukchi Sea,185,北极地区,无匹配类别,无匹配标签,无匹配标签,Arctic Ocean,
the Arctic Ocean,552,无匹配类别,无匹配类别,无匹配标签,无匹配标签,Arctic Ocean,
the Bering Sea,596,北美,无匹配类别,无匹配标签,America,Arctic Ocean,
the Barents Sea,656,欧洲,无匹配类别,无匹配标签,无匹配标签,Arctic Ocean,
the Arctic Ocean’s Beaufort,682,无匹配类别,无匹配类别,无匹配标签,无匹配标签,Arctic Ocean,
Beaufort Sea,685,北美,无匹配类别,无匹配标签,无匹配标签,Arctic Ocean,
the Kara Sea,742,无匹配类别,无匹配类别,无匹配标签,无匹配标签,Arctic Ocean,
the Beaufort Sea,815,北美,无匹配类别,无匹配标签,无匹配标签,Arctic Ocean,
the Wandel Sea,856,无匹配类别,无匹配类别,无匹配标签,无匹配标签,Arctic Ocean,
the Olga Strait,982,无匹配类别,无匹配类别,无匹配标签,,Arctic Ocean,
Southern Beaufort Sea,983,北美,无匹配类别,无匹配标签,,Arctic Ocean,
the Fram Strait,1028,北极,无匹配类别,无匹配标签,,Arctic Ocean,
the Laptev Sea,1044,无匹配类别,无匹配类别,无匹配标签,,Arctic Ocean,
Laptev Sea,1065,无匹配类别,无匹配类别,无匹配标签,,Arctic Ocean,
the North Aleutian Basin,1209,北美,无匹配类别,无匹配标签,,Arctic Ocean,
Barents Sea,1248,欧洲,无匹配类别,无匹配标签,,Arctic Ocean,
The Arctic Ocean,1261,无匹配类别,无匹配类别,无匹配标签,,Arctic Ocean,
Middle Eastern,121,中东,无匹配类别,无匹配标签,无匹配标签,Middle East,
Middle East,183,中东,无匹配类别,无匹配标签,无匹配标签,Middle East,
the Middle East,229,中东,无匹配类别,无匹配标签,无匹配标签,Middle East,
the Persian Gulf,253,中东,无匹配类别,无匹配标签,无匹配标签,Middle East,
the Caspian Sea,269,无匹配类别,无匹配类别,无匹配标签,无匹配标签,Middle East,
Mina,315,无匹配类别,无匹配类别,无匹配标签,无匹配标签,Middle East,
the Arabian Sea,332,南亚,无匹配类别,无匹配标签,无匹配标签,Middle East,
the Middle East Institute,349,中东,无匹配类别,无匹配标签,无匹配标签,Middle East,
the Red Sea,350,中东,无匹配类别,无匹配标签,无匹配标签,Middle East,
Gulf States,351,中东,无匹配类别,无匹配标签,无匹配标签,Middle East,
Arabian Peninsula,360,中东,无匹配类别,无匹配标签,无匹配标签,Middle East,
Mount Arafat,363,中东,无匹配类别,无匹配标签,无匹配标签,Middle East,
the Near East,462,中东,无匹配类别,无匹配标签,无匹配标签,Middle East,
The Red Sea’s Coral Reefs Defy the Climate-Change Odds Nov,576,无匹配类别,无匹配类别,无匹配标签,无匹配标签,Middle East,
Red Sea,579,中东,无匹配类别,无匹配标签,无匹配标签,Middle East,
the Green Zone,592,中东,无匹配类别,无匹配标签,无匹配标签,Middle East,
the Sinai Peninsula,593,中东,发展中国家,无匹配标签,Egypt,Middle East,
Arabian Sea,680,南亚,无匹配类别,无匹配标签,无匹配标签,Middle East,
the Gulf States,818,中东,无匹配类别,无匹配标签,无匹配标签,Middle East,
Hassakeh Province,834,中东,无匹配类别,无匹配标签,无匹配标签,Middle East,
Kaust,1059,中东,无匹配类别,无匹配标签,,Middle East,
the Sea of Galilee,1193,中东,无匹配类别,无匹配标签,,Middle East,
Lake Urmia,1210,中东,无匹配类别,无匹配标签,,Middle East,
the Bekka Valley,1229,中东,无匹配类别,无匹配标签,,Middle East,
The Middle East:** Natural,1289,中东,无匹配类别,无匹配标签,,Middle East,
Mars,18,地球以外,无匹配类别,无匹配标签,无匹配标签,space,
Venus,19,地球以外,无匹配类别,无匹配标签,无匹配标签,space,
,1,,,,,,
